<?xml version="1.0" encoding="utf-8"?>
<!DOCTYPE install PUBLIC "-//Joomla! 2.5//DTD template 1.0//EN" "http://www.joomla.org/xml/dtd/2.5/template-install.dtd">
<extension version="3.0" type="template" client="site" method="upgrade">
    <name>mnstyle</name>
    <version>1.0</version>
    <creationDate>Janvier 2016</creationDate>
    <author>Nicolas Lacombe</author>
    <authorEmail>nicolas.lacombe67@gmail.com</authorEmail>
    <copyright>Copyright (C) 2016 société MN All rights reserved.</copyright>
    <description>TPL_MNSTYLE_XML_DESCRIPTION</description>
    <files>
        <filename>img/favicon.png</filename>
        <filename>img/logo.png</filename>
        <filename>index.html</filename>
        <filename>index.php</filename>
        <filename>templateDetails.xml</filename>
        <folder>img</folder>
        <folder>css</folder>
    </files>
    <positions>
        <position>position-0</position>
        <position>position-1</position>
        <position>position-2</position>
        <position>position-3</position>
        <position>position-4</position>
        <position>position-5</position>
        <position>position-6</position>
        <position>position-7</position>
        <position>position-8</position>
        <position>position-9</position>
        <position>position-10</position>
        <position>position-11</position>
        <position>position-12</position>
        <position>position-13</position>
        <position>position-14</position>
        <position>position-15</position>
        <position>position-16</position>
    </positions>
    <languages folder="language">
        <language tag="fr-FR">fr-FR/fr-FR.tpl_mnstyle.ini</language>
        <language tag="fr-FR">fr-FR/fr-FR.tpl_mnstyle.sys.ini</language>
    </languages>
    <config>
        <fields name="params">
        <fieldset name="advanced">
        <field 
            name="templateBackgroundColor" 
            type="color" 
            default="#DFEBF7"
            label="TPL_MNSTYLE_BACKGROUND_COLOR_LABEL"
            description="TPL_MNSTYLE_BACKGROUND_COLOR_DESC" />
        <field 
            name="templateTitleColor" 
            type="color" 
            default="#F09947"
            label="TPL_MNSTYLE_TITLE_COLOR_LABEL"
            description="TPL_MNSTYLE_TITLE_COLOR_DESC" />
        <field 
            name="templateSubtitleColor" 
            type="color" 
            default="#204274"
            label="TPL_MNSTYLE_SUBTITLE_COLOR_LABEL"
            description="TPL_MNSTYLE_SUBTITLE_COLOR_DESC" />
        <field 
            name="templateTextColor" 
            type="color" 
            default="#2E3031"
            label="TPL_MNSTYLE_TEXT_COLOR_LABEL"
            description="TPL_MNSTYLE_TEXT_COLOR_DESC" />
        </fieldset>
        </fields>
    </config>
</extension>